coarse_id,coarse_name,d_id,d_name,d_original_role,c1_id,c1_name,c1_original_role,c2_id,c2_name,c2_original_role,c3_id,c3_name,c3_original_role,c4_id,c4_name,c4_original_role,M1_withheld_id,M1_withheld_name,M2_withheld_id,M2_withheld_name,M3_withheld_id,M3_withheld_name,M4_withheld_id,M4_withheld_name
0,aquatic_mammals,72,seal,d,4,beaver,a,55,otter,b,30,dolphin,r1,95,whale,r2,4,beaver,55,otter,30,dolphin,95,whale
1,fish,91,trout,d,32,flatfish,a,67,ray,b,1,aquarium_fish,r1,73,shark,r2,32,flatfish,67,ray,1,aquarium_fish,73,shark
2,flowers,92,tulip,d,62,poppy,a,70,rose,b,82,sunflower,r1,54,orchid,r2,62,poppy,70,rose,82,sunflower,54,orchid
3,food_containers,28,cup,d,16,can,a,9,bottle,b,61,plate,r1,10,bowl,r2,16,can,9,bottle,61,plate,10,bowl
4,fruit_and_vegetables,83,sweet_pepper,d,57,pear,a,53,orange,b,0,apple,r1,51,mushroom,r2,57,pear,53,orange,0,apple,51,mushroom
5,household_electrical_devices,22,clock,d,87,television,a,40,lamp,b,39,keyboard,r1,86,telephone,r2,87,television,40,lamp,39,keyboard,86,telephone
6,household_furniture,25,couch,d,20,chair,a,5,bed,b,84,table,r1,94,wardrobe,r2,20,chair,5,bed,84,table,94,wardrobe
7,insects,7,beetle,d,24,cockroach,a,6,bee,b,14,butterfly,r1,18,caterpillar,r2,24,cockroach,6,bee,14,butterfly,18,caterpillar
8,large_carnivores,97,wolf,d,3,bear,a,88,tiger,b,42,leopard,r1,43,lion,r2,3,bear,88,tiger,42,leopard,43,lion
9,large_man-made_outdoor_things,68,road,d,17,castle,a,76,skyscraper,b,12,bridge,r1,37,house,r2,17,castle,76,skyscraper,12,bridge,37,house
10,large_natural_outdoor_scenes,71,sea,d,23,cloud,a,49,mountain,b,33,forest,r1,60,plain,r2,23,cloud,49,mountain,33,forest,60,plain
11,large_omnivores_and_herbivores,21,chimpanzee,d,19,cattle,a,15,camel,b,38,kangaroo,r1,31,elephant,r2,19,cattle,15,camel,38,kangaroo,31,elephant
12,medium-sized_mammals,64,possum,d,34,fox,a,63,porcupine,b,75,skunk,r1,66,raccoon,r2,34,fox,63,porcupine,75,skunk,66,raccoon
13,non-insect_invertebrates,77,snail,d,79,spider,a,99,worm,b,26,crab,r1,45,lobster,r2,79,spider,99,worm,26,crab,45,lobster
14,people,2,baby,d,11,boy,a,98,woman,b,46,man,r1,35,girl,r2,11,boy,98,woman,46,man,35,girl
15,reptiles,27,crocodile,d,78,snake,a,44,lizard,b,29,dinosaur,r1,93,turtle,r2,78,snake,44,lizard,29,dinosaur,93,turtle
16,small_mammals,65,rabbit,d,80,squirrel,a,36,hamster,b,74,shrew,r1,50,mouse,r2,80,squirrel,36,hamster,74,shrew,50,mouse
17,trees,47,maple_tree,d,52,oak_tree,a,56,palm_tree,b,59,pine_tree,r1,96,willow_tree,r2,52,oak_tree,56,palm_tree,59,pine_tree,96,willow_tree
18,vehicles_1,48,motorcycle,d,8,bicycle,a,58,pickup_truck,b,13,bus,r1,90,train,r2,8,bicycle,58,pickup_truck,13,bus,90,train
19,vehicles_2,81,streetcar,d,41,lawn_mower,a,69,rocket,b,89,tractor,r1,85,tank,r2,41,lawn_mower,69,rocket,89,tractor,85,tank
