group_id,parent_level,parent_name,parent_taxonomy_key,parent_supercategory,role,category_id,scientific_name,common_name,kingdom,phylum,class,order,family,genus,specific_epithet,image_dir_name,mini_train_images,validation_images,withheld_model,selection_policy,rotation,local_training_label,present_upstream
G001,GENUS,Abies,Plantae > Tracheophyta > Pinopsida > Pinales > Pinaceae > Abies,Plants,d,9797,Abies alba,silver fir,Plantae,Tracheophyta,Pinopsida,Pinales,Pinaceae,Abies,alba,09797_Plantae_Tracheophyta_Pinopsida_Pinales_Pinaceae_Abies_alba,50,10,NONE,lexicographic_genus_20,M3,0,True
G001,GENUS,Abies,Plantae > Tracheophyta > Pinopsida > Pinales > Pinaceae > Abies,Plants,c1,9798,Abies balsamea,balsam fir,Plantae,Tracheophyta,Pinopsida,Pinales,Pinaceae,Abies,balsamea,09798_Plantae_Tracheophyta_Pinopsida_Pinales_Pinaceae_Abies_balsamea,50,10,M1,lexicographic_genus_20,M3,1,True
G001,GENUS,Abies,Plantae > Tracheophyta > Pinopsida > Pinales > Pinaceae > Abies,Plants,c2,9799,Abies concolor,white fir,Plantae,Tracheophyta,Pinopsida,Pinales,Pinaceae,Abies,concolor,09799_Plantae_Tracheophyta_Pinopsida_Pinales_Pinaceae_Abies_concolor,50,10,M2,lexicographic_genus_20,M3,2,True
G001,GENUS,Abies,Plantae > Tracheophyta > Pinopsida > Pinales > Pinaceae > Abies,Plants,c4,9801,Abies lasiocarpa,subalpine fir,Plantae,Tracheophyta,Pinopsida,Pinales,Pinaceae,Abies,lasiocarpa,09801_Plantae_Tracheophyta_Pinopsida_Pinales_Pinaceae_Abies_lasiocarpa,50,10,M4,lexicographic_genus_20,M3,3,True
G002,GENUS,Acacia,Plantae > Tracheophyta > Magnoliopsida > Fabales > Fabaceae > Acacia,Plants,d,7888,Acacia confusa,Taiwan Acacia,Plantae,Tracheophyta,Magnoliopsida,Fabales,Fabaceae,Acacia,confusa,07888_Plantae_Tracheophyta_Magnoliopsida_Fabales_Fabaceae_Acacia_confusa,50,10,NONE,lexicographic_genus_20,M3,4,True
G002,GENUS,Acacia,Plantae > Tracheophyta > Magnoliopsida > Fabales > Fabaceae > Acacia,Plants,c1,7889,Acacia cyclops,western coastal wattle,Plantae,Tracheophyta,Magnoliopsida,Fabales,Fabaceae,Acacia,cyclops,07889_Plantae_Tracheophyta_Magnoliopsida_Fabales_Fabaceae_Acacia_cyclops,50,10,M1,lexicographic_genus_20,M3,5,True
G002,GENUS,Acacia,Plantae > Tracheophyta > Magnoliopsida > Fabales > Fabaceae > Acacia,Plants,c2,7890,Acacia dealbata,Silver wattle,Plantae,Tracheophyta,Magnoliopsida,Fabales,Fabaceae,Acacia,dealbata,07890_Plantae_Tracheophyta_Magnoliopsida_Fabales_Fabaceae_Acacia_dealbata,50,10,M2,lexicographic_genus_20,M3,6,True
G002,GENUS,Acacia,Plantae > Tracheophyta > Magnoliopsida > Fabales > Fabaceae > Acacia,Plants,c4,7892,Acacia mearnsii,black wattle,Plantae,Tracheophyta,Magnoliopsida,Fabales,Fabaceae,Acacia,mearnsii,07892_Plantae_Tracheophyta_Magnoliopsida_Fabales_Fabaceae_Acacia_mearnsii,50,10,M4,lexicographic_genus_20,M3,7,True
G003,GENUS,Accipiter,Animalia > Chordata > Aves > Accipitriformes > Accipitridae > Accipiter,Birds,d,3111,Accipiter badius,Shikra,Animalia,Chordata,Aves,Accipitriformes,Accipitridae,Accipiter,badius,03111_Animalia_Chordata_Aves_Accipitriformes_Accipitridae_Accipiter_badius,50,10,NONE,lexicographic_genus_20,M3,8,True
G003,GENUS,Accipiter,Animalia > Chordata > Aves > Accipitriformes > Accipitridae > Accipiter,Birds,c1,3112,Accipiter cooperii,Cooper's Hawk,Animalia,Chordata,Aves,Accipitriformes,Accipitridae,Accipiter,cooperii,03112_Animalia_Chordata_Aves_Accipitriformes_Accipitridae_Accipiter_cooperii,50,10,M1,lexicographic_genus_20,M3,9,True
G003,GENUS,Accipiter,Animalia > Chordata > Aves > Accipitriformes > Accipitridae > Accipiter,Birds,c2,3113,Accipiter gentilis,Northern Goshawk,Animalia,Chordata,Aves,Accipitriformes,Accipitridae,Accipiter,gentilis,03113_Animalia_Chordata_Aves_Accipitriformes_Accipitridae_Accipiter_gentilis,50,10,M2,lexicographic_genus_20,M3,10,True
G003,GENUS,Accipiter,Animalia > Chordata > Aves > Accipitriformes > Accipitridae > Accipiter,Birds,c4,3115,Accipiter striatus,Sharp-shinned Hawk,Animalia,Chordata,Aves,Accipitriformes,Accipitridae,Accipiter,striatus,03115_Animalia_Chordata_Aves_Accipitriformes_Accipitridae_Accipiter_striatus,50,10,M4,lexicographic_genus_20,M3,11,True
G004,GENUS,Acer,Plantae > Tracheophyta > Magnoliopsida > Sapindales > Sapindaceae > Acer,Plants,d,9565,Acer campestre,field maple,Plantae,Tracheophyta,Magnoliopsida,Sapindales,Sapindaceae,Acer,campestre,09565_Plantae_Tracheophyta_Magnoliopsida_Sapindales_Sapindaceae_Acer_campestre,50,10,NONE,lexicographic_genus_20,M3,12,True
G004,GENUS,Acer,Plantae > Tracheophyta > Magnoliopsida > Sapindales > Sapindaceae > Acer,Plants,c1,9566,Acer circinatum,Vine Maple,Plantae,Tracheophyta,Magnoliopsida,Sapindales,Sapindaceae,Acer,circinatum,09566_Plantae_Tracheophyta_Magnoliopsida_Sapindales_Sapindaceae_Acer_circinatum,50,10,M1,lexicographic_genus_20,M3,13,True
G004,GENUS,Acer,Plantae > Tracheophyta > Magnoliopsida > Sapindales > Sapindaceae > Acer,Plants,c2,9567,Acer floridanum,southern sugar maple,Plantae,Tracheophyta,Magnoliopsida,Sapindales,Sapindaceae,Acer,floridanum,09567_Plantae_Tracheophyta_Magnoliopsida_Sapindales_Sapindaceae_Acer_floridanum,50,10,M2,lexicographic_genus_20,M3,14,True
G004,GENUS,Acer,Plantae > Tracheophyta > Magnoliopsida > Sapindales > Sapindaceae > Acer,Plants,c4,9569,Acer glabrum,mountain maple,Plantae,Tracheophyta,Magnoliopsida,Sapindales,Sapindaceae,Acer,glabrum,09569_Plantae_Tracheophyta_Magnoliopsida_Sapindales_Sapindaceae_Acer_glabrum,50,10,M4,lexicographic_genus_20,M3,15,True
G005,GENUS,Acmispon,Plantae > Tracheophyta > Magnoliopsida > Fabales > Fabaceae > Acmispon,Plants,d,7898,Acmispon americanus,Spanish clover,Plantae,Tracheophyta,Magnoliopsida,Fabales,Fabaceae,Acmispon,americanus,07898_Plantae_Tracheophyta_Magnoliopsida_Fabales_Fabaceae_Acmispon_americanus,50,10,NONE,lexicographic_genus_20,M3,16,True
G005,GENUS,Acmispon,Plantae > Tracheophyta > Magnoliopsida > Fabales > Fabaceae > Acmispon,Plants,c1,7899,Acmispon argophyllus,silver bird's-foot trefoil,Plantae,Tracheophyta,Magnoliopsida,Fabales,Fabaceae,Acmispon,argophyllus,07899_Plantae_Tracheophyta_Magnoliopsida_Fabales_Fabaceae_Acmispon_argophyllus,50,10,M1,lexicographic_genus_20,M3,17,True
G005,GENUS,Acmispon,Plantae > Tracheophyta > Magnoliopsida > Fabales > Fabaceae > Acmispon,Plants,c2,7900,Acmispon glaber,common deerweed,Plantae,Tracheophyta,Magnoliopsida,Fabales,Fabaceae,Acmispon,glaber,07900_Plantae_Tracheophyta_Magnoliopsida_Fabales_Fabaceae_Acmispon_glaber,50,10,M2,lexicographic_genus_20,M3,18,True
G005,GENUS,Acmispon,Plantae > Tracheophyta > Magnoliopsida > Fabales > Fabaceae > Acmispon,Plants,c4,7902,Acmispon strigosus,desert lotus,Plantae,Tracheophyta,Magnoliopsida,Fabales,Fabaceae,Acmispon,strigosus,07902_Plantae_Tracheophyta_Magnoliopsida_Fabales_Fabaceae_Acmispon_strigosus,50,10,M4,lexicographic_genus_20,M3,19,True
G006,GENUS,Aconitum,Plantae > Tracheophyta > Magnoliopsida > Ranunculales > Ranunculaceae > Aconitum,Plants,d,9193,Aconitum columbianum,Columbian Monkshood,Plantae,Tracheophyta,Magnoliopsida,Ranunculales,Ranunculaceae,Aconitum,columbianum,09193_Plantae_Tracheophyta_Magnoliopsida_Ranunculales_Ranunculaceae_Aconitum_columbianum,50,10,NONE,lexicographic_genus_20,M3,20,True
G006,GENUS,Aconitum,Plantae > Tracheophyta > Magnoliopsida > Ranunculales > Ranunculaceae > Aconitum,Plants,c1,9194,Aconitum delphiniifolium,larkspurleaf monkshood,Plantae,Tracheophyta,Magnoliopsida,Ranunculales,Ranunculaceae,Aconitum,delphiniifolium,09194_Plantae_Tracheophyta_Magnoliopsida_Ranunculales_Ranunculaceae_Aconitum_delphiniifolium,50,10,M1,lexicographic_genus_20,M3,21,True
G006,GENUS,Aconitum,Plantae > Tracheophyta > Magnoliopsida > Ranunculales > Ranunculaceae > Aconitum,Plants,c2,9195,Aconitum lycoctonum,Northern wolf's-bane,Plantae,Tracheophyta,Magnoliopsida,Ranunculales,Ranunculaceae,Aconitum,lycoctonum,09195_Plantae_Tracheophyta_Magnoliopsida_Ranunculales_Ranunculaceae_Aconitum_lycoctonum,50,10,M2,lexicographic_genus_20,M3,22,True
G006,GENUS,Aconitum,Plantae > Tracheophyta > Magnoliopsida > Ranunculales > Ranunculaceae > Aconitum,Plants,c4,9197,Aconitum septentrionale,Aconitum septentrionale,Plantae,Tracheophyta,Magnoliopsida,Ranunculales,Ranunculaceae,Aconitum,septentrionale,09197_Plantae_Tracheophyta_Magnoliopsida_Ranunculales_Ranunculaceae_Aconitum_septentrionale,50,10,M4,lexicographic_genus_20,M3,23,True
G007,GENUS,Acrocephalus,Animalia > Chordata > Aves > Passeriformes > Acrocephalidae > Acrocephalus,Birds,d,3682,Acrocephalus arundinaceus,Great Reed-Warbler,Animalia,Chordata,Aves,Passeriformes,Acrocephalidae,Acrocephalus,arundinaceus,03682_Animalia_Chordata_Aves_Passeriformes_Acrocephalidae_Acrocephalus_arundinaceus,50,10,NONE,lexicographic_genus_20,M3,24,True
G007,GENUS,Acrocephalus,Animalia > Chordata > Aves > Passeriformes > Acrocephalidae > Acrocephalus,Birds,c1,3683,Acrocephalus australis,Australian Reed Warbler,Animalia,Chordata,Aves,Passeriformes,Acrocephalidae,Acrocephalus,australis,03683_Animalia_Chordata_Aves_Passeriformes_Acrocephalidae_Acrocephalus_australis,50,10,M1,lexicographic_genus_20,M3,25,True
G007,GENUS,Acrocephalus,Animalia > Chordata > Aves > Passeriformes > Acrocephalidae > Acrocephalus,Birds,c2,3684,Acrocephalus dumetorum,Blyth's Reed Warbler,Animalia,Chordata,Aves,Passeriformes,Acrocephalidae,Acrocephalus,dumetorum,03684_Animalia_Chordata_Aves_Passeriformes_Acrocephalidae_Acrocephalus_dumetorum,50,10,M2,lexicographic_genus_20,M3,26,True
G007,GENUS,Acrocephalus,Animalia > Chordata > Aves > Passeriformes > Acrocephalidae > Acrocephalus,Birds,c4,3686,Acrocephalus scirpaceus,Eurasian Reed-Warbler,Animalia,Chordata,Aves,Passeriformes,Acrocephalidae,Acrocephalus,scirpaceus,03686_Animalia_Chordata_Aves_Passeriformes_Acrocephalidae_Acrocephalus_scirpaceus,50,10,M4,lexicographic_genus_20,M3,27,True
G008,GENUS,Acronicta,Animalia > Arthropoda > Insecta > Lepidoptera > Noctuidae > Acronicta,Insects,d,1550,Acronicta aceris,Sycamore Moth,Animalia,Arthropoda,Insecta,Lepidoptera,Noctuidae,Acronicta,aceris,01550_Animalia_Arthropoda_Insecta_Lepidoptera_Noctuidae_Acronicta_aceris,50,10,NONE,lexicographic_genus_20,M3,28,True
G008,GENUS,Acronicta,Animalia > Arthropoda > Insecta > Lepidoptera > Noctuidae > Acronicta,Insects,c1,1551,Acronicta americana,American Dagger Moth,Animalia,Arthropoda,Insecta,Lepidoptera,Noctuidae,Acronicta,americana,01551_Animalia_Arthropoda_Insecta_Lepidoptera_Noctuidae_Acronicta_americana,50,10,M1,lexicographic_genus_20,M3,29,True
G008,GENUS,Acronicta,Animalia > Arthropoda > Insecta > Lepidoptera > Noctuidae > Acronicta,Insects,c2,1552,Acronicta fallax,Green Marvel,Animalia,Arthropoda,Insecta,Lepidoptera,Noctuidae,Acronicta,fallax,01552_Animalia_Arthropoda_Insecta_Lepidoptera_Noctuidae_Acronicta_fallax,50,10,M2,lexicographic_genus_20,M3,30,True
G008,GENUS,Acronicta,Animalia > Arthropoda > Insecta > Lepidoptera > Noctuidae > Acronicta,Insects,c4,1554,Acronicta innotata,Unmarked Dagger Moth,Animalia,Arthropoda,Insecta,Lepidoptera,Noctuidae,Acronicta,innotata,01554_Animalia_Arthropoda_Insecta_Lepidoptera_Noctuidae_Acronicta_innotata,50,10,M4,lexicographic_genus_20,M3,31,True
G009,GENUS,Adiantum,Plantae > Tracheophyta > Polypodiopsida > Polypodiales > Pteridaceae > Adiantum,Plants,d,9966,Adiantum aleuticum,five-fingered fern,Plantae,Tracheophyta,Polypodiopsida,Polypodiales,Pteridaceae,Adiantum,aleuticum,09966_Plantae_Tracheophyta_Polypodiopsida_Polypodiales_Pteridaceae_Adiantum_aleuticum,50,10,NONE,lexicographic_genus_20,M3,32,True
G009,GENUS,Adiantum,Plantae > Tracheophyta > Polypodiopsida > Polypodiales > Pteridaceae > Adiantum,Plants,c1,9967,Adiantum capillus-veneris,black maidenhair fern,Plantae,Tracheophyta,Polypodiopsida,Polypodiales,Pteridaceae,Adiantum,capillus-veneris,09967_Plantae_Tracheophyta_Polypodiopsida_Polypodiales_Pteridaceae_Adiantum_capillus-veneris,50,10,M1,lexicographic_genus_20,M3,33,True
G009,GENUS,Adiantum,Plantae > Tracheophyta > Polypodiopsida > Polypodiales > Pteridaceae > Adiantum,Plants,c2,9968,Adiantum cunninghamii,Maidenhair,Plantae,Tracheophyta,Polypodiopsida,Polypodiales,Pteridaceae,Adiantum,cunninghamii,09968_Plantae_Tracheophyta_Polypodiopsida_Polypodiales_Pteridaceae_Adiantum_cunninghamii,50,10,M2,lexicographic_genus_20,M3,34,True
G009,GENUS,Adiantum,Plantae > Tracheophyta > Polypodiopsida > Polypodiales > Pteridaceae > Adiantum,Plants,c4,9970,Adiantum jordanii,California Maidenhair Fern,Plantae,Tracheophyta,Polypodiopsida,Polypodiales,Pteridaceae,Adiantum,jordanii,09970_Plantae_Tracheophyta_Polypodiopsida_Polypodiales_Pteridaceae_Adiantum_jordanii,50,10,M4,lexicographic_genus_20,M3,35,True
G010,GENUS,Aeshna,Animalia > Arthropoda > Insecta > Odonata > Aeshnidae > Aeshna,Insects,d,2305,Aeshna canadensis,Canada Darner,Animalia,Arthropoda,Insecta,Odonata,Aeshnidae,Aeshna,canadensis,02305_Animalia_Arthropoda_Insecta_Odonata_Aeshnidae_Aeshna_canadensis,50,10,NONE,lexicographic_genus_20,M3,36,True
G010,GENUS,Aeshna,Animalia > Arthropoda > Insecta > Odonata > Aeshnidae > Aeshna,Insects,c1,2306,Aeshna constricta,Lance-tipped Darner,Animalia,Arthropoda,Insecta,Odonata,Aeshnidae,Aeshna,constricta,02306_Animalia_Arthropoda_Insecta_Odonata_Aeshnidae_Aeshna_constricta,50,10,M1,lexicographic_genus_20,M3,37,True
G010,GENUS,Aeshna,Animalia > Arthropoda > Insecta > Odonata > Aeshnidae > Aeshna,Insects,c2,2307,Aeshna cyanea,Southern Hawker,Animalia,Arthropoda,Insecta,Odonata,Aeshnidae,Aeshna,cyanea,02307_Animalia_Arthropoda_Insecta_Odonata_Aeshnidae_Aeshna_cyanea,50,10,M2,lexicographic_genus_20,M3,38,True
G010,GENUS,Aeshna,Animalia > Arthropoda > Insecta > Odonata > Aeshnidae > Aeshna,Insects,c4,2309,Aeshna grandis,Brown Hawker,Animalia,Arthropoda,Insecta,Odonata,Aeshnidae,Aeshna,grandis,02309_Animalia_Arthropoda_Insecta_Odonata_Aeshnidae_Aeshna_grandis,50,10,M4,lexicographic_genus_20,M3,39,True
G011,GENUS,Agave,Plantae > Tracheophyta > Liliopsida > Asparagales > Asparagaceae > Agave,Plants,d,5871,Agave americana,American century plant,Plantae,Tracheophyta,Liliopsida,Asparagales,Asparagaceae,Agave,americana,05871_Plantae_Tracheophyta_Liliopsida_Asparagales_Asparagaceae_Agave_americana,50,10,NONE,lexicographic_genus_20,M3,40,True
G011,GENUS,Agave,Plantae > Tracheophyta > Liliopsida > Asparagales > Asparagaceae > Agave,Plants,c1,5872,Agave deserti,desert agave,Plantae,Tracheophyta,Liliopsida,Asparagales,Asparagaceae,Agave,deserti,05872_Plantae_Tracheophyta_Liliopsida_Asparagales_Asparagaceae_Agave_deserti,50,10,M1,lexicographic_genus_20,M3,41,True
G011,GENUS,Agave,Plantae > Tracheophyta > Liliopsida > Asparagales > Asparagaceae > Agave,Plants,c2,5873,Agave lechuguilla,lechuguilla,Plantae,Tracheophyta,Liliopsida,Asparagales,Asparagaceae,Agave,lechuguilla,05873_Plantae_Tracheophyta_Liliopsida_Asparagales_Asparagaceae_Agave_lechuguilla,50,10,M2,lexicographic_genus_20,M3,42,True
G011,GENUS,Agave,Plantae > Tracheophyta > Liliopsida > Asparagales > Asparagaceae > Agave,Plants,c4,5875,Agave salmiana,Pulque agave,Plantae,Tracheophyta,Liliopsida,Asparagales,Asparagaceae,Agave,salmiana,05875_Plantae_Tracheophyta_Liliopsida_Asparagales_Asparagaceae_Agave_salmiana,50,10,M4,lexicographic_genus_20,M3,43,True
G012,GENUS,Agrotis,Animalia > Arthropoda > Insecta > Lepidoptera > Noctuidae > Agrotis,Insects,d,1563,Agrotis exclamationis,Heart and Dart,Animalia,Arthropoda,Insecta,Lepidoptera,Noctuidae,Agrotis,exclamationis,01563_Animalia_Arthropoda_Insecta_Lepidoptera_Noctuidae_Agrotis_exclamationis,50,10,NONE,lexicographic_genus_20,M3,44,True
G012,GENUS,Agrotis,Animalia > Arthropoda > Insecta > Lepidoptera > Noctuidae > Agrotis,Insects,c1,1564,Agrotis infusa,Bogong Moth,Animalia,Arthropoda,Insecta,Lepidoptera,Noctuidae,Agrotis,infusa,01564_Animalia_Arthropoda_Insecta_Lepidoptera_Noctuidae_Agrotis_infusa,50,10,M1,lexicographic_genus_20,M3,45,True
G012,GENUS,Agrotis,Animalia > Arthropoda > Insecta > Lepidoptera > Noctuidae > Agrotis,Insects,c2,1565,Agrotis ipsilon,Black Cutworm,Animalia,Arthropoda,Insecta,Lepidoptera,Noctuidae,Agrotis,ipsilon,01565_Animalia_Arthropoda_Insecta_Lepidoptera_Noctuidae_Agrotis_ipsilon,50,10,M2,lexicographic_genus_20,M3,46,True
G012,GENUS,Agrotis,Animalia > Arthropoda > Insecta > Lepidoptera > Noctuidae > Agrotis,Insects,c4,1567,Agrotis porphyricollis,Variable Cutworm,Animalia,Arthropoda,Insecta,Lepidoptera,Noctuidae,Agrotis,porphyricollis,01567_Animalia_Arthropoda_Insecta_Lepidoptera_Noctuidae_Agrotis_porphyricollis,50,10,M4,lexicographic_genus_20,M3,47,True
G013,GENUS,Allium,Plantae > Tracheophyta > Liliopsida > Asparagales > Amaryllidaceae > Allium,Plants,d,5835,Allium acuminatum,Hooker's onion,Plantae,Tracheophyta,Liliopsida,Asparagales,Amaryllidaceae,Allium,acuminatum,05835_Plantae_Tracheophyta_Liliopsida_Asparagales_Amaryllidaceae_Allium_acuminatum,50,10,NONE,lexicographic_genus_20,M3,48,True
G013,GENUS,Allium,Plantae > Tracheophyta > Liliopsida > Asparagales > Amaryllidaceae > Allium,Plants,c1,5836,Allium canadense,meadow garlic,Plantae,Tracheophyta,Liliopsida,Asparagales,Amaryllidaceae,Allium,canadense,05836_Plantae_Tracheophyta_Liliopsida_Asparagales_Amaryllidaceae_Allium_canadense,50,10,M1,lexicographic_genus_20,M3,49,True
G013,GENUS,Allium,Plantae > Tracheophyta > Liliopsida > Asparagales > Amaryllidaceae > Allium,Plants,c2,5837,Allium cernuum,nodding onion,Plantae,Tracheophyta,Liliopsida,Asparagales,Amaryllidaceae,Allium,cernuum,05837_Plantae_Tracheophyta_Liliopsida_Asparagales_Amaryllidaceae_Allium_cernuum,50,10,M2,lexicographic_genus_20,M3,50,True
G013,GENUS,Allium,Plantae > Tracheophyta > Liliopsida > Asparagales > Amaryllidaceae > Allium,Plants,c4,5839,Allium neapolitanum,Naples garlic,Plantae,Tracheophyta,Liliopsida,Asparagales,Amaryllidaceae,Allium,neapolitanum,05839_Plantae_Tracheophyta_Liliopsida_Asparagales_Amaryllidaceae_Allium_neapolitanum,50,10,M4,lexicographic_genus_20,M3,51,True
G014,GENUS,Alnus,Plantae > Tracheophyta > Magnoliopsida > Fagales > Betulaceae > Alnus,Plants,d,8138,Alnus alnobetula,green alder,Plantae,Tracheophyta,Magnoliopsida,Fagales,Betulaceae,Alnus,alnobetula,08138_Plantae_Tracheophyta_Magnoliopsida_Fagales_Betulaceae_Alnus_alnobetula,50,10,NONE,lexicographic_genus_20,M3,52,True
G014,GENUS,Alnus,Plantae > Tracheophyta > Magnoliopsida > Fagales > Betulaceae > Alnus,Plants,c1,8139,Alnus glutinosa,Common Alder,Plantae,Tracheophyta,Magnoliopsida,Fagales,Betulaceae,Alnus,glutinosa,08139_Plantae_Tracheophyta_Magnoliopsida_Fagales_Betulaceae_Alnus_glutinosa,50,10,M1,lexicographic_genus_20,M3,53,True
G014,GENUS,Alnus,Plantae > Tracheophyta > Magnoliopsida > Fagales > Betulaceae > Alnus,Plants,c2,8140,Alnus incana,speckled alder,Plantae,Tracheophyta,Magnoliopsida,Fagales,Betulaceae,Alnus,incana,08140_Plantae_Tracheophyta_Magnoliopsida_Fagales_Betulaceae_Alnus_incana,50,10,M2,lexicographic_genus_20,M3,54,True
G014,GENUS,Alnus,Plantae > Tracheophyta > Magnoliopsida > Fagales > Betulaceae > Alnus,Plants,c4,8142,Alnus rubra,Red Alder,Plantae,Tracheophyta,Magnoliopsida,Fagales,Betulaceae,Alnus,rubra,08142_Plantae_Tracheophyta_Magnoliopsida_Fagales_Betulaceae_Alnus_rubra,50,10,M4,lexicographic_genus_20,M3,55,True
G015,GENUS,Amanita,Fungi > Basidiomycota > Agaricomycetes > Agaricales > Amanitaceae > Amanita,Fungi,d,5487,Amanita augusta,Western Yellow-veiled Amanita,Fungi,Basidiomycota,Agaricomycetes,Agaricales,Amanitaceae,Amanita,augusta,05487_Fungi_Basidiomycota_Agaricomycetes_Agaricales_Amanitaceae_Amanita_augusta,50,10,NONE,lexicographic_genus_20,M3,56,True
G015,GENUS,Amanita,Fungi > Basidiomycota > Agaricomycetes > Agaricales > Amanitaceae > Amanita,Fungi,c1,5488,Amanita bisporigera,Eastern North American Destroying Angel,Fungi,Basidiomycota,Agaricomycetes,Agaricales,Amanitaceae,Amanita,bisporigera,05488_Fungi_Basidiomycota_Agaricomycetes_Agaricales_Amanitaceae_Amanita_bisporigera,50,10,M1,lexicographic_genus_20,M3,57,True
G015,GENUS,Amanita,Fungi > Basidiomycota > Agaricomycetes > Agaricales > Amanitaceae > Amanita,Fungi,c2,5489,Amanita citrina,False Death-cap,Fungi,Basidiomycota,Agaricomycetes,Agaricales,Amanitaceae,Amanita,citrina,05489_Fungi_Basidiomycota_Agaricomycetes_Agaricales_Amanitaceae_Amanita_citrina,50,10,M2,lexicographic_genus_20,M3,58,True
G015,GENUS,Amanita,Fungi > Basidiomycota > Agaricomycetes > Agaricales > Amanitaceae > Amanita,Fungi,c4,5491,Amanita fulva,Tawny Grisette,Fungi,Basidiomycota,Agaricomycetes,Agaricales,Amanitaceae,Amanita,fulva,05491_Fungi_Basidiomycota_Agaricomycetes_Agaricales_Amanitaceae_Amanita_fulva,50,10,M4,lexicographic_genus_20,M3,59,True
G016,GENUS,Amazilia,Animalia > Chordata > Aves > Caprimulgiformes > Trochilidae > Amazilia,Birds,d,3298,Amazilia beryllina,Berylline Hummingbird,Animalia,Chordata,Aves,Caprimulgiformes,Trochilidae,Amazilia,beryllina,03298_Animalia_Chordata_Aves_Caprimulgiformes_Trochilidae_Amazilia_beryllina,50,10,NONE,lexicographic_genus_20,M3,60,True
G016,GENUS,Amazilia,Animalia > Chordata > Aves > Caprimulgiformes > Trochilidae > Amazilia,Birds,c1,3299,Amazilia cyanocephala,Azure-crowned Hummingbird,Animalia,Chordata,Aves,Caprimulgiformes,Trochilidae,Amazilia,cyanocephala,03299_Animalia_Chordata_Aves_Caprimulgiformes_Trochilidae_Amazilia_cyanocephala,50,10,M1,lexicographic_genus_20,M3,61,True
G016,GENUS,Amazilia,Animalia > Chordata > Aves > Caprimulgiformes > Trochilidae > Amazilia,Birds,c2,3300,Amazilia rutila,Cinnamon Hummingbird,Animalia,Chordata,Aves,Caprimulgiformes,Trochilidae,Amazilia,rutila,03300_Animalia_Chordata_Aves_Caprimulgiformes_Trochilidae_Amazilia_rutila,50,10,M2,lexicographic_genus_20,M3,62,True
G016,GENUS,Amazilia,Animalia > Chordata > Aves > Caprimulgiformes > Trochilidae > Amazilia,Birds,c4,3302,Amazilia violiceps,Violet-crowned Hummingbird,Animalia,Chordata,Aves,Caprimulgiformes,Trochilidae,Amazilia,violiceps,03302_Animalia_Chordata_Aves_Caprimulgiformes_Trochilidae_Amazilia_violiceps,50,10,M4,lexicographic_genus_20,M3,63,True
G017,GENUS,Ambrosia,Plantae > Tracheophyta > Magnoliopsida > Asterales > Asteraceae > Ambrosia,Plants,d,6603,Ambrosia ambrosioides,big bur-sage,Plantae,Tracheophyta,Magnoliopsida,Asterales,Asteraceae,Ambrosia,ambrosioides,06603_Plantae_Tracheophyta_Magnoliopsida_Asterales_Asteraceae_Ambrosia_ambrosioides,50,10,NONE,lexicographic_genus_20,M3,64,True
G017,GENUS,Ambrosia,Plantae > Tracheophyta > Magnoliopsida > Asterales > Asteraceae > Ambrosia,Plants,c1,6604,Ambrosia artemisiifolia,common ragweed,Plantae,Tracheophyta,Magnoliopsida,Asterales,Asteraceae,Ambrosia,artemisiifolia,06604_Plantae_Tracheophyta_Magnoliopsida_Asterales_Asteraceae_Ambrosia_artemisiifolia,50,10,M1,lexicographic_genus_20,M3,65,True
G017,GENUS,Ambrosia,Plantae > Tracheophyta > Magnoliopsida > Asterales > Asteraceae > Ambrosia,Plants,c2,6605,Ambrosia chamissonis,silver burr ragweed,Plantae,Tracheophyta,Magnoliopsida,Asterales,Asteraceae,Ambrosia,chamissonis,06605_Plantae_Tracheophyta_Magnoliopsida_Asterales_Asteraceae_Ambrosia_chamissonis,50,10,M2,lexicographic_genus_20,M3,66,True
G017,GENUS,Ambrosia,Plantae > Tracheophyta > Magnoliopsida > Asterales > Asteraceae > Ambrosia,Plants,c4,6607,Ambrosia dumosa,white bur-sage,Plantae,Tracheophyta,Magnoliopsida,Asterales,Asteraceae,Ambrosia,dumosa,06607_Plantae_Tracheophyta_Magnoliopsida_Asterales_Asteraceae_Ambrosia_dumosa,50,10,M4,lexicographic_genus_20,M3,67,True
G018,GENUS,Ambystoma,Animalia > Chordata > Amphibia > Caudata > Ambystomatidae > Ambystoma,Amphibians,d,3058,Ambystoma gracile,Northwestern Salamander,Animalia,Chordata,Amphibia,Caudata,Ambystomatidae,Ambystoma,gracile,03058_Animalia_Chordata_Amphibia_Caudata_Ambystomatidae_Ambystoma_gracile,50,10,NONE,lexicographic_genus_20,M3,68,True
G018,GENUS,Ambystoma,Animalia > Chordata > Amphibia > Caudata > Ambystomatidae > Ambystoma,Amphibians,c1,3059,Ambystoma jeffersonianum,Jefferson Salamander,Animalia,Chordata,Amphibia,Caudata,Ambystomatidae,Ambystoma,jeffersonianum,03059_Animalia_Chordata_Amphibia_Caudata_Ambystomatidae_Ambystoma_jeffersonianum,50,10,M1,lexicographic_genus_20,M3,69,True
G018,GENUS,Ambystoma,Animalia > Chordata > Amphibia > Caudata > Ambystomatidae > Ambystoma,Amphibians,c2,3060,Ambystoma laterale,Blue-spotted Salamander,Animalia,Chordata,Amphibia,Caudata,Ambystomatidae,Ambystoma,laterale,03060_Animalia_Chordata_Amphibia_Caudata_Ambystomatidae_Ambystoma_laterale,50,10,M2,lexicographic_genus_20,M3,70,True
G018,GENUS,Ambystoma,Animalia > Chordata > Amphibia > Caudata > Ambystomatidae > Ambystoma,Amphibians,c4,3062,Ambystoma maculatum,Spotted Salamander,Animalia,Chordata,Amphibia,Caudata,Ambystomatidae,Ambystoma,maculatum,03062_Animalia_Chordata_Amphibia_Caudata_Ambystomatidae_Ambystoma_maculatum,50,10,M4,lexicographic_genus_20,M3,71,True
G019,GENUS,Anas,Animalia > Chordata > Aves > Anseriformes > Anatidae > Anas,Birds,d,3191,Anas acuta,Northern Pintail,Animalia,Chordata,Aves,Anseriformes,Anatidae,Anas,acuta,03191_Animalia_Chordata_Aves_Anseriformes_Anatidae_Anas_acuta,50,10,NONE,lexicographic_genus_20,M3,72,True
G019,GENUS,Anas,Animalia > Chordata > Aves > Anseriformes > Anatidae > Anas,Birds,c1,3192,Anas bahamensis,White-cheeked Pintail,Animalia,Chordata,Aves,Anseriformes,Anatidae,Anas,bahamensis,03192_Animalia_Chordata_Aves_Anseriformes_Anatidae_Anas_bahamensis,50,10,M1,lexicographic_genus_20,M3,73,True
G019,GENUS,Anas,Animalia > Chordata > Aves > Anseriformes > Anatidae > Anas,Birds,c2,3193,Anas castanea,Chestnut Teal,Animalia,Chordata,Aves,Anseriformes,Anatidae,Anas,castanea,03193_Animalia_Chordata_Aves_Anseriformes_Anatidae_Anas_castanea,50,10,M2,lexicographic_genus_20,M3,74,True
G019,GENUS,Anas,Animalia > Chordata > Aves > Anseriformes > Anatidae > Anas,Birds,c4,3195,Anas diazi,Mexican Duck,Animalia,Chordata,Aves,Anseriformes,Anatidae,Anas,diazi,03195_Animalia_Chordata_Aves_Anseriformes_Anatidae_Anas_diazi,50,10,M4,lexicographic_genus_20,M3,75,True
G020,GENUS,Anaxyrus,Animalia > Chordata > Amphibia > Anura > Bufonidae > Anaxyrus,Amphibians,d,2942,Anaxyrus americanus,American Toad,Animalia,Chordata,Amphibia,Anura,Bufonidae,Anaxyrus,americanus,02942_Animalia_Chordata_Amphibia_Anura_Bufonidae_Anaxyrus_americanus,50,10,NONE,lexicographic_genus_20,M3,76,True
G020,GENUS,Anaxyrus,Animalia > Chordata > Amphibia > Anura > Bufonidae > Anaxyrus,Amphibians,c1,2943,Anaxyrus boreas,Western Toad,Animalia,Chordata,Amphibia,Anura,Bufonidae,Anaxyrus,boreas,02943_Animalia_Chordata_Amphibia_Anura_Bufonidae_Anaxyrus_boreas,50,10,M1,lexicographic_genus_20,M3,77,True
G020,GENUS,Anaxyrus,Animalia > Chordata > Amphibia > Anura > Bufonidae > Anaxyrus,Amphibians,c2,2944,Anaxyrus cognatus,Great Plains Toad,Animalia,Chordata,Amphibia,Anura,Bufonidae,Anaxyrus,cognatus,02944_Animalia_Chordata_Amphibia_Anura_Bufonidae_Anaxyrus_cognatus,50,10,M2,lexicographic_genus_20,M3,78,True
G020,GENUS,Anaxyrus,Animalia > Chordata > Amphibia > Anura > Bufonidae > Anaxyrus,Amphibians,c4,2946,Anaxyrus punctatus,Red-spotted Toad,Animalia,Chordata,Amphibia,Anura,Bufonidae,Anaxyrus,punctatus,02946_Animalia_Chordata_Amphibia_Anura_Bufonidae_Anaxyrus_punctatus,50,10,M4,lexicographic_genus_20,M3,79,True
